{
  "n_events": 2208,
  "n_companies": 63,
  "model": "market_model_[-250,-30]",
  "car_pre_5_1": 0.51875625522296,
  "car_pre_3_1": 0.34701512234111864,
  "car_event_0_1": -0.04168577246160731,
  "car_full": 0.39095634846531185,
  "avg_beta": 0.9775539635355333,
  "avg_alpha": 0.00033821533936370706
}